param,fitval,fiterror
pB,0.00366,0.00403
pC,0.00000,0.00000
dwB,-1.00000,1.01396
dwC,0.00000,0.00000
kexAB,7165.23668,7023.88869
kexAC,0.00000,0.00000
kexBC,0.00000,0.00000
R1,13.93079,0.11612
R2,21.73819,3.85821
rchi2,16.920,0.0